id,name,email,userID,password,confirmed
1,"Justin ",justin.lutzko@hotmail.ca,12345,$2y$10$Msc9dv9x6BSg62TonF/pTus1PVQnYn32EpUjqlx2pP7IAhgXP9e/W,1
2,"Mark Beitel",beitel9933@saskpolytech.ca,adm219,$2y$10$bhMVeX56gO3.emKtOQidKe.RatFN0RiC6ESyuEUsSZRJwBnvqpNqq,0
3,Nathan,nathan@email.com,12346,$2y$10$9x5xRa4E/6GNghAUeAN.F.PrV3SW0XSuDwEswZwWkoQErErn8J76.,0
4,Nixilis,nixiepixie@yahoo.ca,666,$2y$10$ufzQ1eFdAZ7VXUqrLIp5iOfnID1NRLOakrM9HsVOhwc2i4RohvANe,0
5,David,david@email.com,12347,$2y$10$uNXU0PJkXIyMOGk43JuU8uf66pE.yuaYttSZ0YDMLRiHRtp1M8Hoi,1
6,Lisa,lisa@email.com,12348,$2y$10$L5/0S13Z4TutcCKbWd9fkuX9xcXJf.NCxPnURRiJ9pTO3TLOkNchq,0
7,"CD Epic",CDEpic.ca,54321,$2y$10$tZEmE5itfND72hJmJZL6uOBISV48q1L3DoveqwYhNqp0TpQ3.BTDO,1
8,"Mark Bietel",m.b@test.com,Pro001,$2y$10$RghXF5MEX6GcN.v117iNiuvQXmLBS2L2wcYenQQ1960oDiLp.c.66,1
9,"Tim Jim",timmer.jimmer@timjim.com,Pro002,$2y$10$ZwLL.BP6pX2qzTnBZln27u42.tZNz8EpccOyRhHsl5QoJowVZYNkW,1
10,"Magan Heinlen",M.Heinlein008@SIAST.com,Pro003,$2y$10$ZNipiG9JSwS.zuVrVSiwIOGW63lk1BPXWv9XoNSmBWG1PqAjVWRoS,1
11,"Cristin Gilder",C.Gilder009@SIAST.com,Pro005,$2y$10$lLVxfZX2ShKrfhp.HOcyT.XjRTthQ2Ilmn31zjOeiRAi6VTLzA9rK,1
12,"Len Crouch",L.Crouch011@SIAST.com,Pro004,$2y$10$zSr0Y9Bj5EsR.BIMMUQ/auHChSSLTYtAtc9MgsX/cHJoQ7AXMBMcS,1
13,"Alysa Burroughs",A.Burroughs010@SIAST.com,Pro006,$2y$10$Ib.gYLC5Wuz/jqffwX0vD..WfcunHQvKQn0mexMt.N4uVRlOYAtuy,1
14,"Ashley Giron",A.Giron012@SIAST.com,Pro007,$2y$10$FhghU8aWNB/zpQmCXX8Ttui4g3NjVslIGfjLQ1jmE6xfFu.yJH5mi,1
15,"Heath Wilker",H.Wilker013@SIAST.com,Pro008,$2y$10$AI2xk.P1.757iQfFdesTZuIqQPcoaR5jQvSq3fSKuzeNIp8VnO4uu,1
16,"Joseph Sprang",J.Spang014@SIAST.com,Pro009,$2y$10$zqBwYZGDxvZTmJorGEk.QeM2pYcSvXz4FDbZunI.swWE357N1.iVW,1
17,"Mark Bietel",m.beitel@test.com,Stu001,$2y$10$BA1YaPZfX314BsF/iGJQI.5Uc1oB7D7P27Cb4jiWqmGtFkgy7p.li,1
18,"Jim Bob",JamminWithJimmer@jimbo.com,Stu002,$2y$10$tSr81lC8TaAXSzzjdvoylOLHQwtj/tkWm6auQHSfmUhJD9db680iy,1
19,Scottie,S.Konecny015@SIAST.com,Pro010,$2y$10$sJDVSaPMQPhCLjozav1FROrLExqxf/3QtkI1icRY5hJ.5Ke9xOvt6,0
20,Mila,M.Lindholm016@SIAST.com,Pro011,$2y$10$Km43k0jdWAMmWfysSq.26e2vZ6D.rQWiaq3jXECAQHMKhLDFa0AmK,0
21,Bonny,B.Ethridge017@uofs.ca,Pro012,$2y$10$zu2Yk0fpPHZWQtA5Ws/Q2usG92ebsHXzj/aQnc3gjtwOjbyXf0Myq,0
22,Paul,P.Spada018@uofs.ca,Pro013,$2y$10$.MxFI4TUYLFSkkqBoecTHeDWSQrF34KZxQNHiSL65SsnFO0ZDbBZa,0
23,Lizzie,L.Landeros019@uofs.ca,Pro014,$2y$10$Pk4P25WiLQuNrytjNBZiKetC5kg230w2.AXpGFpj/8.mhhgVB/QVu,0
24,Eryn,E.Jeanbaptiste020@uofs.ca,Pro015,$2y$10$r1HajIw8e0JwacAzBplFSereLkfjMcsg4A/mqp2F3oRbWpKASpvwS,0
25,Tanisha,T.Puff021@uofs.ca,Pro016,$2y$10$QqXMAzgukJRNhkQlPhDoOOCNQ3aCLTZpkYyFZ9AGc4lM9CfMi0J/m,0
26,Lawanda,L.Garrels022@uofs.ca,Pro017,$2y$10$w6Tcjk5PKMNWq2hCp0QMN.p.MKbdoOJm42DHWifKsh/YVQzwNlEcq,0
27,Deanna,D.Elvin023@uofs.ca,Pro018,$2y$10$YGJ2bNRv86GBNH25yCELlOnYFpdL9nK/6nJQJtV0fkrUBNpzfYFKC,0
28,Tod,T.Alpaugh024@uofs.ca,Pro019,$2y$10$OATf6WK47KFF92PDB9NnduZCCFk0UvX1uvfzsMlUlrF8Obej7eQ0e,0
29,Raelene,R.Toepfer025@uofs.ca,Pro020,$2y$10$AjOH92VIW8cDRbH6u9I22O1jPH3Pz4a37I1uYefKRXjRGdEEejOxO,0
30,Williams,W.Nowell026@uofs.ca,Pro021,$2y$10$KbFxcxHiy8/kXoBWl9cxSuUCOLG/z3jQjinCluZQcvcoiRUFfwgTe,0
31,Leatha,L.Clow027@uofs.ca,Pro022,$2y$10$0cdluY794jFYwev7FlBe7u0KPQzLtxiXDMaXahcjUJOTVTIjKtl0K,0
